INSERT INTO db_comunidade.cursos(id, nome, categoria) VALUES(1, 'Java SE', 'Backend');
INSERT INTO db_comunidade.cursos(id, nome, categoria) VALUES(2, 'Java EE', 'Backend');
INSERT INTO db_comunidade.cursos(id, nome, categoria) VALUES(3, 'Javascript', 'Frontend');
INSERT INTO db_comunidade.cursos(id, nome, categoria) VALUES(4, 'Python', 'Backend');
INSERT INTO db_comunidade.cursos(id, nome, categoria) VALUES(5, 'PHP', 'Backend');

INSERT INTO db_comunidade.usuarios(id, nome, email, senha) VALUES(1, 'Administrador', 'admin@email.com.br', '123456');
INSERT INTO db_comunidade.usuarios(id, nome, email, senha) VALUES(2, 'Débora Silva Viana', 'debora.viana@email.com.br', '123456');
INSERT INTO db_comunidade.usuarios(id, nome, email, senha) VALUES(3, 'Alexander da Silva Vasconcelos', 'alexander.vasconcelos@email.com.br', '123456');

INSERT INTO db_comunidade.topicos(id, titulo, mensagem, data_criacao, status, autor_id, curso_id) VALUES(1, 'Dúvida #01', 'MENSAGEM DA DÚVIDA', NOW(), 'NAO_RESPONDIDO', 1, 1);
INSERT INTO db_comunidade.topicos(id, titulo, mensagem, data_criacao, status, autor_id, curso_id) VALUES(2, 'Dúvida #02', 'MENSAGEM DA DÚVIDA', NOW(), 'NAO_RESPONDIDO', 2, 2);
INSERT INTO db_comunidade.topicos(id, titulo, mensagem, data_criacao, status, autor_id, curso_id) VALUES(3, 'Dúvida #03', 'MENSAGEM DA DÚVIDA', NOW(), 'NAO_RESPONDIDO', 3, 3);
INSERT INTO db_comunidade.topicos(id, titulo, mensagem, data_criacao, status, autor_id, curso_id) VALUES(4, 'Dúvida #04', 'MENSAGEM DA DÚVIDA', NOW(), 'NAO_RESPONDIDO', 1, 4);
INSERT INTO db_comunidade.topicos(id, titulo, mensagem, data_criacao, status, autor_id, curso_id) VALUES(5, 'Dúvida #05', 'MENSAGEM DA DÚVIDA', NOW(), 'NAO_RESPONDIDO', 2, 5);
INSERT INTO db_comunidade.topicos(id, titulo, mensagem, data_criacao, status, autor_id, curso_id) VALUES(6, 'Dúvida #06', 'MENSAGEM DA DÚVIDA', NOW(), 'NAO_RESPONDIDO', 3, 5);
INSERT INTO db_comunidade.topicos(id, titulo, mensagem, data_criacao, status, autor_id, curso_id) VALUES(7, 'Dúvida #07', 'MENSAGEM DA DÚVIDA', NOW(), 'NAO_RESPONDIDO', 1, 5);
INSERT INTO db_comunidade.topicos(id, titulo, mensagem, data_criacao, status, autor_id, curso_id) VALUES(8, 'Dúvida #08', 'MENSAGEM DA DÚVIDA', NOW(), 'NAO_RESPONDIDO', 2, 3);
INSERT INTO db_comunidade.topicos(id, titulo, mensagem, data_criacao, status, autor_id, curso_id) VALUES(9, 'Dúvida #09', 'MENSAGEM DA DÚVIDA', NOW(), 'NAO_RESPONDIDO', 3, 2);
INSERT INTO db_comunidade.topicos(id, titulo, mensagem, data_criacao, status, autor_id, curso_id) VALUES(10, 'Dúvida #10', 'MENSAGEM DA DÚVIDA', NOW(), 'NAO_RESPONDIDO', 1, 1);
INSERT INTO db_comunidade.topicos(id, titulo, mensagem, data_criacao, status, autor_id, curso_id) VALUES(11, 'Dúvida #11', 'MENSAGEM DA DÚVIDA', NOW(), 'NAO_RESPONDIDO', 2, 4);
INSERT INTO db_comunidade.topicos(id, titulo, mensagem, data_criacao, status, autor_id, curso_id) VALUES(12, 'Dúvida #12', 'MENSAGEM DA DÚVIDA', NOW(), 'NAO_RESPONDIDO', 3, 5);
INSERT INTO db_comunidade.topicos(id, titulo, mensagem, data_criacao, status, autor_id, curso_id) VALUES(13, 'Dúvida #13', 'MENSAGEM DA DÚVIDA', NOW(), 'NAO_RESPONDIDO', 1, 5);
INSERT INTO db_comunidade.topicos(id, titulo, mensagem, data_criacao, status, autor_id, curso_id) VALUES(14, 'Dúvida #14', 'MENSAGEM DA DÚVIDA', NOW(), 'NAO_RESPONDIDO', 2, 3);
INSERT INTO db_comunidade.topicos(id, titulo, mensagem, data_criacao, status, autor_id, curso_id) VALUES(15, 'Dúvida #15', 'MENSAGEM DA DÚVIDA', NOW(), 'NAO_RESPONDIDO', 3, 3);
INSERT INTO db_comunidade.topicos(id, titulo, mensagem, data_criacao, status, autor_id, curso_id) VALUES(16, 'Dúvida #16', 'MENSAGEM DA DÚVIDA', NOW(), 'NAO_RESPONDIDO', 1, 2);
INSERT INTO db_comunidade.topicos(id, titulo, mensagem, data_criacao, status, autor_id, curso_id) VALUES(17, 'Dúvida #17', 'MENSAGEM DA DÚVIDA', NOW(), 'NAO_RESPONDIDO', 2, 2);
INSERT INTO db_comunidade.topicos(id, titulo, mensagem, data_criacao, status, autor_id, curso_id) VALUES(18, 'Dúvida #18', 'MENSAGEM DA DÚVIDA', NOW(), 'NAO_RESPONDIDO', 3, 1);
INSERT INTO db_comunidade.topicos(id, titulo, mensagem, data_criacao, status, autor_id, curso_id) VALUES(19, 'Dúvida #19', 'MENSAGEM DA DÚVIDA', NOW(), 'NAO_RESPONDIDO', 1, 1);
INSERT INTO db_comunidade.topicos(id, titulo, mensagem, data_criacao, status, autor_id, curso_id) VALUES(20, 'Dúvida #20', 'MENSAGEM DA DÚVIDA', NOW(), 'NAO_RESPONDIDO', 2, 3);